location_name,time,latitude,longitude,uvb,t2m,fdir
new_york,2020-01-01 00:00:00,40.75,-74.0,0.0,277.92535,0.0
new_york,2020-01-01 06:00:00,40.75,-74.0,0.0,277.5233,0.0
new_york,2020-01-01 12:00:00,40.75,-74.0,0.0,275.76157,0.0
new_york,2020-01-01 18:00:00,40.75,-74.0,132779.34,277.08835,568812.0
new_york,2020-01-02 00:00:00,40.75,-74.0,0.0,275.64642,0.0
new_york,2020-01-02 06:00:00,40.75,-74.0,0.0,272.72787,0.0
new_york,2020-01-02 12:00:00,40.75,-74.0,0.0,271.72275,0.0
new_york,2020-01-02 18:00:00,40.75,-74.0,159299.56,280.10925,1247378.9
new_york,2020-01-03 00:00:00,40.75,-74.0,0.0,279.22473,0.0
new_york,2020-01-03 06:00:00,40.75,-74.0,0.0,279.20828,0.0
new_york,2020-01-03 12:00:00,40.75,-74.0,0.0,278.7971,0.0
new_york,2020-01-03 18:00:00,40.75,-74.0,42924.58,281.01752,23075.75
new_york,2020-01-04 00:00:00,40.75,-74.0,0.0,280.5588,0.0
new_york,2020-01-04 06:00:00,40.75,-74.0,0.0,280.56976,0.0
new_york,2020-01-04 12:00:00,40.75,-74.0,0.0,280.00873,0.0
new_york,2020-01-04 18:00:00,40.75,-74.0,50477.547,282.49963,20037.75
new_york,2020-01-05 00:00:00,40.75,-74.0,0.0,282.43384,0.0
new_york,2020-01-05 06:00:00,40.75,-74.0,0.0,277.44287,0.0
new_york,2020-01-05 12:00:00,40.75,-74.0,0.0,276.4359,0.0
new_york,2020-01-05 18:00:00,40.75,-74.0,157203.4,277.7773,806161.75
new_york,2020-01-06 00:00:00,40.75,-74.0,0.0,275.93884,0.0
new_york,2020-01-06 06:00:00,40.75,-74.0,0.0,273.90115,0.0
new_york,2020-01-06 12:00:00,40.75,-74.0,0.0,273.8792,0.0
new_york,2020-01-06 18:00:00,40.75,-74.0,160275.52,279.64505,1282671.0
new_york,2020-01-07 00:00:00,40.75,-74.0,0.0,277.29852,0.0
new_york,2020-01-07 06:00:00,40.75,-74.0,0.0,276.19467,0.0
new_york,2020-01-07 12:00:00,40.75,-74.0,0.0,273.93405,0.0
new_york,2020-01-07 18:00:00,40.75,-74.0,145296.89,278.0405,367271.62
new_york,2020-01-08 00:00:00,40.75,-74.0,0.0,276.07773,0.0
new_york,2020-01-08 06:00:00,40.75,-74.0,0.0,274.0894,0.0
new_york,2020-01-08 12:00:00,40.75,-74.0,0.0,272.2765,0.0
new_york,2020-01-08 18:00:00,40.75,-74.0,130063.67,277.55435,1208660.9
new_york,2020-01-09 00:00:00,40.75,-74.0,0.0,274.10947,0.0
new_york,2020-01-09 06:00:00,40.75,-74.0,0.0,271.37732,0.0
new_york,2020-01-09 12:00:00,40.75,-74.0,0.0,268.61594,0.0
new_york,2020-01-09 18:00:00,40.75,-74.0,165740.81,272.4044,1437672.2
new_york,2020-01-10 00:00:00,40.75,-74.0,0.0,272.4629,0.0
new_york,2020-01-10 06:00:00,40.75,-74.0,0.0,272.11566,0.0
new_york,2020-01-10 12:00:00,40.75,-74.0,0.0,274.49326,0.0
new_york,2020-01-10 18:00:00,40.75,-74.0,116977.53,279.36908,546964.5
new_york,2020-01-11 00:00:00,40.75,-74.0,0.0,281.34464,0.0
new_york,2020-01-11 06:00:00,40.75,-74.0,0.0,279.9539,0.0
new_york,2020-01-11 12:00:00,40.75,-74.0,0.0,283.06982,0.0
new_york,2020-01-11 18:00:00,40.75,-74.0,123715.8,289.6617,210912.88
new_york,2020-01-12 00:00:00,40.75,-74.0,0.0,287.24573,0.0
new_york,2020-01-12 06:00:00,40.75,-74.0,0.0,288.0425,0.0
new_york,2020-01-12 12:00:00,40.75,-74.0,0.0,290.1606,0.0
new_york,2020-01-12 18:00:00,40.75,-74.0,170077.39,290.94647,1389000.1
new_york,2020-01-13 00:00:00,40.75,-74.0,0.0,284.58118,0.0
new_york,2020-01-13 06:00:00,40.75,-74.0,0.0,278.15378,0.0
new_york,2020-01-13 12:00:00,40.75,-74.0,0.0,275.40155,0.0
new_york,2020-01-13 18:00:00,40.75,-74.0,42050.47,278.57596,19973.0
new_york,2020-01-14 00:00:00,40.75,-74.0,0.0,277.9619,0.0
new_york,2020-01-14 06:00:00,40.75,-74.0,0.0,276.2897,0.0
new_york,2020-01-14 12:00:00,40.75,-74.0,0.0,275.82187,0.0
new_york,2020-01-14 18:00:00,40.75,-74.0,68596.16,279.01456,159073.5
new_york,2020-01-15 00:00:00,40.75,-74.0,0.0,278.819,0.0
new_york,2020-01-15 06:00:00,40.75,-74.0,0.0,279.42026,0.0
new_york,2020-01-15 12:00:00,40.75,-74.0,0.0,278.5778,0.0
new_york,2020-01-15 18:00:00,40.75,-74.0,173531.38,282.45212,1434699.0
new_york,2020-01-16 00:00:00,40.75,-74.0,0.0,278.99628,0.0
new_york,2020-01-16 06:00:00,40.75,-74.0,0.0,279.41296,0.0
new_york,2020-01-16 12:00:00,40.75,-74.0,0.0,280.26825,0.0
new_york,2020-01-16 18:00:00,40.75,-74.0,130411.625,281.4068,656396.1
new_york,2020-01-17 00:00:00,40.75,-74.0,0.0,277.24185,0.0
new_york,2020-01-17 06:00:00,40.75,-74.0,0.0,274.07477,0.0
new_york,2020-01-17 12:00:00,40.75,-74.0,0.0,269.3579,0.0
new_york,2020-01-17 18:00:00,40.75,-74.0,175712.4,271.42484,1571731.0
new_york,2020-01-18 00:00:00,40.75,-74.0,0.0,270.0652,0.0
new_york,2020-01-18 06:00:00,40.75,-74.0,0.0,267.4372,0.0
new_york,2020-01-18 12:00:00,40.75,-74.0,0.0,267.01868,0.0
new_york,2020-01-18 18:00:00,40.75,-74.0,79407.92,269.36707,99671.375
new_york,2020-01-19 00:00:00,40.75,-74.0,0.0,272.4446,0.0
new_york,2020-01-19 06:00:00,40.75,-74.0,0.0,275.2864,0.0
new_york,2020-01-19 12:00:00,40.75,-74.0,0.0,275.32843,0.0
new_york,2020-01-19 18:00:00,40.75,-74.0,127407.41,278.93597,486722.12
new_york,2020-01-20 00:00:00,40.75,-74.0,0.0,275.0141,0.0
new_york,2020-01-20 06:00:00,40.75,-74.0,0.0,270.88025,0.0
new_york,2020-01-20 12:00:00,40.75,-74.0,0.0,268.0878,0.0
new_york,2020-01-20 18:00:00,40.75,-74.0,185565.2,272.18326,1616137.1
new_york,2020-01-21 00:00:00,40.75,-74.0,0.0,271.275,0.0
new_york,2020-01-21 06:00:00,40.75,-74.0,0.0,268.15176,0.0
new_york,2020-01-21 12:00:00,40.75,-74.0,0.0,267.3513,0.0
new_york,2020-01-21 18:00:00,40.75,-74.0,184954.19,272.71692,1551951.8
new_york,2020-01-22 00:00:00,40.75,-74.0,0.0,272.2509,0.0
new_york,2020-01-22 06:00:00,40.75,-74.0,0.0,269.97015,0.0
new_york,2020-01-22 12:00:00,40.75,-74.0,0.0,268.87912,0.0
new_york,2020-01-22 18:00:00,40.75,-74.0,186956.98,274.45306,1559191.2
new_york,2020-01-23 00:00:00,40.75,-74.0,0.0,273.80612,0.0
new_york,2020-01-23 06:00:00,40.75,-74.0,0.0,271.7337,0.0
new_york,2020-01-23 12:00:00,40.75,-74.0,0.0,269.90982,0.0
new_york,2020-01-23 18:00:00,40.75,-74.0,145313.86,277.3625,454209.38
new_york,2020-01-24 00:00:00,40.75,-74.0,0.0,277.13403,0.0
new_york,2020-01-24 06:00:00,40.75,-74.0,0.0,275.2535,0.0
new_york,2020-01-24 12:00:00,40.75,-74.0,0.0,272.4044,0.0
new_york,2020-01-24 18:00:00,40.75,-74.0,190334.6,280.2134,1593320.0
new_york,2020-01-25 00:00:00,40.75,-74.0,0.0,277.87967,0.0
new_york,2020-01-25 06:00:00,40.75,-74.0,0.0,276.39023,0.0
new_york,2020-01-25 12:00:00,40.75,-74.0,0.0,277.16144,0.0
new_york,2020-01-25 18:00:00,40.75,-74.0,25968.61,280.95355,1874.5
new_york,2020-01-26 00:00:00,40.75,-74.0,0.0,281.52008,0.0
new_york,2020-01-26 06:00:00,40.75,-74.0,0.0,277.17242,0.0
new_york,2020-01-26 12:00:00,40.75,-74.0,0.0,274.67236,0.0
new_york,2020-01-26 18:00:00,40.75,-74.0,155404.28,280.18234,878943.9
new_york,2020-01-27 00:00:00,40.75,-74.0,0.0,278.87018,0.0
new_york,2020-01-27 06:00:00,40.75,-74.0,0.0,276.0028,0.0
new_york,2020-01-27 12:00:00,40.75,-74.0,0.0,276.02106,0.0
new_york,2020-01-27 18:00:00,40.75,-74.0,113676.3,279.15527,361842.0
new_york,2020-01-28 00:00:00,40.75,-74.0,0.0,278.9579,0.0
new_york,2020-01-28 06:00:00,40.75,-74.0,0.0,277.21262,0.0
new_york,2020-01-28 12:00:00,40.75,-74.0,0.0,276.06494,0.0
new_york,2020-01-28 18:00:00,40.75,-74.0,154479.25,278.0295,664993.0
new_york,2020-01-29 00:00:00,40.75,-74.0,0.0,276.986,0.0
new_york,2020-01-29 06:00:00,40.75,-74.0,0.0,275.7177,0.0
new_york,2020-01-29 12:00:00,40.75,-74.0,0.0,274.0053,0.0
new_york,2020-01-29 18:00:00,40.75,-74.0,198286.42,276.54922,1704367.6
new_york,2020-01-30 00:00:00,40.75,-74.0,0.0,275.0342,0.0
new_york,2020-01-30 06:00:00,40.75,-74.0,0.0,271.4559,0.0
new_york,2020-01-30 12:00:00,40.75,-74.0,0.0,268.7183,0.0
new_york,2020-01-30 18:00:00,40.75,-74.0,192897.52,273.43695,1299089.0
new_york,2020-01-31 00:00:00,40.75,-74.0,0.0,273.65808,0.0
new_york,2020-01-31 06:00:00,40.75,-74.0,0.0,272.49942,0.0
new_york,2020-01-31 12:00:00,40.75,-74.0,0.0,272.7096,0.0
new_york,2020-01-31 18:00:00,40.75,-74.0,149497.69,276.62964,561184.75
new_york,2020-02-01 12:00:00,40.75,-74.0,0.0,274.6358,0.0
new_york,2020-02-01 18:00:00,40.75,-74.0,122434.34,277.73712,37813.125
new_york,2020-02-02 00:00:00,40.75,-74.0,0.0,277.59274,0.0
new_york,2020-02-02 06:00:00,40.75,-74.0,0.0,275.94247,0.0
new_york,2020-02-02 12:00:00,40.75,-74.0,0.0,274.782,0.0
new_york,2020-02-02 18:00:00,40.75,-74.0,133067.89,278.39136,164179.88
new_york,2020-02-03 00:00:00,40.75,-74.0,0.0,275.78168,0.0
new_york,2020-02-03 06:00:00,40.75,-74.0,0.0,274.57733,0.0
new_york,2020-02-03 12:00:00,40.75,-74.0,0.0,275.65375,0.0
new_york,2020-02-03 18:00:00,40.75,-74.0,208368.34,283.18497,1564944.0
new_york,2020-02-04 00:00:00,40.75,-74.0,0.0,280.61728,0.0
new_york,2020-02-04 06:00:00,40.75,-74.0,0.0,277.2528,0.0
new_york,2020-02-04 12:00:00,40.75,-74.0,0.0,276.92752,0.0
new_york,2020-02-04 18:00:00,40.75,-74.0,103551.94,282.76828,120549.375
new_york,2020-02-05 00:00:00,40.75,-74.0,0.0,282.2566,0.0
new_york,2020-02-05 06:00:00,40.75,-74.0,0.0,281.75403,0.0
new_york,2020-02-05 12:00:00,40.75,-74.0,0.0,277.57446,0.0
new_york,2020-02-05 18:00:00,40.75,-74.0,52768.89,278.1812,1745.25
new_york,2020-02-06 00:00:00,40.75,-74.0,0.0,277.08102,0.0
new_york,2020-02-06 06:00:00,40.75,-74.0,0.0,276.21478,0.0
new_york,2020-02-06 12:00:00,40.75,-74.0,0.0,277.0518,0.0
new_york,2020-02-06 18:00:00,40.75,-74.0,31213.25,277.558,64.75
new_york,2020-02-07 00:00:00,40.75,-74.0,0.0,277.2711,0.0
new_york,2020-02-07 06:00:00,40.75,-74.0,0.0,277.07007,0.0
new_york,2020-02-07 12:00:00,40.75,-74.0,0.0,277.63843,0.0
new_york,2020-02-07 18:00:00,40.75,-74.0,152264.28,284.05853,963296.0
new_york,2020-02-08 00:00:00,40.75,-74.0,0.0,275.65192,0.0
new_york,2020-02-08 06:00:00,40.75,-74.0,0.0,274.10217,0.0
new_york,2020-02-08 12:00:00,40.75,-74.0,0.0,272.27466,0.0
new_york,2020-02-08 18:00:00,40.75,-74.0,147528.84,276.9129,525440.1
new_york,2020-02-09 00:00:00,40.75,-74.0,0.0,276.05945,0.0
new_york,2020-02-09 06:00:00,40.75,-74.0,0.0,272.2911,0.0
new_york,2020-02-09 12:00:00,40.75,-74.0,0.0,271.58566,0.0
new_york,2020-02-09 18:00:00,40.75,-74.0,172258.4,277.37344,913201.9
new_york,2020-02-10 00:00:00,40.75,-74.0,0.0,277.83582,0.0
new_york,2020-02-10 06:00:00,40.75,-74.0,0.0,277.32043,0.0
new_york,2020-02-10 12:00:00,40.75,-74.0,0.0,278.7788,0.0
new_york,2020-02-10 18:00:00,40.75,-74.0,55314.83,280.61548,79052.0
new_york,2020-02-11 00:00:00,40.75,-74.0,0.0,279.65417,0.0
new_york,2020-02-11 06:00:00,40.75,-74.0,0.0,279.48972,0.0
new_york,2020-02-11 12:00:00,40.75,-74.0,0.0,279.1516,0.0
new_york,2020-02-11 18:00:00,40.75,-74.0,28005.36,280.07452,64.75
new_york,2020-02-12 00:00:00,40.75,-74.0,0.0,281.02484,0.0
new_york,2020-02-12 06:00:00,40.75,-74.0,0.0,279.3216,0.0
new_york,2020-02-12 12:00:00,40.75,-74.0,0.0,276.48892,0.0
new_york,2020-02-12 18:00:00,40.75,-74.0,221361.14,278.98715,1669657.1
new_york,2020-02-13 00:00:00,40.75,-74.0,0.0,279.0493,0.0
new_york,2020-02-13 06:00:00,40.75,-74.0,0.0,276.12524,0.0
new_york,2020-02-13 12:00:00,40.75,-74.0,0.0,275.76886,0.0
new_york,2020-02-13 18:00:00,40.75,-74.0,36627.625,277.83945,1551.25
new_york,2020-02-14 00:00:00,40.75,-74.0,0.0,279.14795,0.0
new_york,2020-02-14 06:00:00,40.75,-74.0,0.0,276.47247,0.0
new_york,2020-02-14 12:00:00,40.75,-74.0,67.90625,273.4479,64.75
new_york,2020-02-14 18:00:00,40.75,-74.0,228294.6,272.31668,1801453.5
new_york,2020-02-15 00:00:00,40.75,-74.0,0.0,269.28665,0.0
new_york,2020-02-15 06:00:00,40.75,-74.0,0.0,265.74857,0.0
new_york,2020-02-15 12:00:00,40.75,-74.0,118.8125,263.63596,194.0
new_york,2020-02-15 18:00:00,40.75,-74.0,235032.84,269.68506,2051084.4
new_york,2020-02-16 00:00:00,40.75,-74.0,0.0,271.50708,0.0
new_york,2020-02-16 06:00:00,40.75,-74.0,0.0,271.50342,0.0
new_york,2020-02-16 12:00:00,40.75,-74.0,144.28125,272.589,0.0
new_york,2020-02-16 18:00:00,40.75,-74.0,192193.14,276.99515,904798.9
new_york,2020-02-17 00:00:00,40.75,-74.0,0.0,278.1666,0.0
new_york,2020-02-17 06:00:00,40.75,-74.0,0.0,276.1618,0.0
new_york,2020-02-17 12:00:00,40.75,-74.0,280.0625,274.01627,194.0
new_york,2020-02-17 18:00:00,40.75,-74.0,239293.06,280.17685,1996594.8
new_york,2020-02-18 00:00:00,40.75,-74.0,0.0,278.8117,0.0
new_york,2020-02-18 06:00:00,40.75,-74.0,0.0,274.41467,0.0
new_york,2020-02-18 12:00:00,40.75,-74.0,330.96875,276.79047,0.0
new_york,2020-02-18 18:00:00,40.75,-74.0,70352.86,280.5314,199342.75
new_york,2020-02-19 00:00:00,40.75,-74.0,0.0,278.10992,0.0
new_york,2020-02-19 06:00:00,40.75,-74.0,0.0,280.3523,0.0
new_york,2020-02-19 12:00:00,40.75,-74.0,263.09375,278.25613,194.0
new_york,2020-02-19 18:00:00,40.75,-74.0,243162.89,281.11987,2030400.2
new_york,2020-02-20 00:00:00,40.75,-74.0,0.0,277.63293,0.0
new_york,2020-02-20 06:00:00,40.75,-74.0,0.0,273.58133,0.0
new_york,2020-02-20 12:00:00,40.75,-74.0,721.34375,271.4486,775.75
new_york,2020-02-20 18:00:00,40.75,-74.0,216489.9,274.08023,947201.25
new_york,2020-02-21 00:00:00,40.75,-74.0,0.0,273.46436,0.0
new_york,2020-02-21 06:00:00,40.75,-74.0,0.0,269.77277,0.0
new_york,2020-02-21 12:00:00,40.75,-74.0,925.03125,267.44815,2521.0
new_york,2020-02-21 18:00:00,40.75,-74.0,250087.84,272.4903,2157736.5
new_york,2020-02-22 00:00:00,40.75,-74.0,0.0,273.68915,0.0
new_york,2020-02-22 06:00:00,40.75,-74.0,0.0,272.0407,0.0
new_york,2020-02-22 12:00:00,40.75,-74.0,1162.6562,271.07397,3555.0
new_york,2020-02-22 18:00:00,40.75,-74.0,253075.1,280.01422,2169630.0
new_york,2020-02-23 00:00:00,40.75,-74.0,0.0,279.13516,0.0
new_york,2020-02-23 06:00:00,40.75,-74.0,0.0,275.0397,0.0
new_york,2020-02-23 12:00:00,40.75,-74.0,1425.7188,271.53085,4654.0
new_york,2020-02-23 18:00:00,40.75,-74.0,255459.78,283.20142,2163941.8
new_york,2020-02-24 00:00:00,40.75,-74.0,0.0,280.87863,0.0
new_york,2020-02-24 06:00:00,40.75,-74.0,0.0,276.79593,0.0
new_york,2020-02-24 12:00:00,40.75,-74.0,1714.2812,273.8646,5429.5
new_york,2020-02-24 18:00:00,40.75,-74.0,255060.92,284.57388,2109646.0
new_york,2020-02-25 00:00:00,40.75,-74.0,0.0,282.0702,0.0
new_york,2020-02-25 06:00:00,40.75,-74.0,0.0,281.15457,0.0
new_york,2020-02-25 12:00:00,40.75,-74.0,1272.9688,280.5844,0.0
new_york,2020-02-25 18:00:00,40.75,-74.0,89557.75,282.65497,1874.5
new_york,2020-02-26 00:00:00,40.75,-74.0,0.0,281.18747,0.0
new_york,2020-02-26 06:00:00,40.75,-74.0,0.0,280.7708,0.0
new_york,2020-02-26 12:00:00,40.75,-74.0,1001.40625,280.7233,194.0
new_york,2020-02-26 18:00:00,40.75,-74.0,93427.58,281.14545,37554.5
new_york,2020-02-27 00:00:00,40.75,-74.0,0.0,280.28104,0.0
new_york,2020-02-27 06:00:00,40.75,-74.0,0.0,279.52078,0.0
new_york,2020-02-27 12:00:00,40.75,-74.0,1086.2812,279.21558,840.25
new_york,2020-02-27 18:00:00,40.75,-74.0,264837.34,277.95276,2156896.2
new_york,2020-02-28 00:00:00,40.75,-74.0,0.0,274.90445,0.0
new_york,2020-02-28 06:00:00,40.75,-74.0,0.0,273.02576,0.0
new_york,2020-02-28 12:00:00,40.75,-74.0,3173.9375,272.26004,13315.5
new_york,2020-02-28 18:00:00,40.75,-74.0,246438.67,276.69543,1206140.0
new_york,2020-02-29 00:00:00,40.75,-74.0,0.0,276.46515,0.0
new_york,2020-02-29 06:00:00,40.75,-74.0,0.0,273.24506,0.0
new_york,2020-02-29 12:00:00,40.75,-74.0,3649.1875,271.2366,13574.0
new_york,2020-02-29 18:00:00,40.75,-74.0,171757.72,274.27945,522014.25
new_york,2020-03-01 00:00:00,40.75,-74.0,0.0,272.1778,0.0
new_york,2020-03-01 06:00:00,40.75,-74.0,0.0,270.39413,0.0
new_york,2020-03-01 12:00:00,40.75,-74.0,4124.4375,270.2187,18098.5
new_york,2020-03-01 18:00:00,40.75,-74.0,266364.9,276.9787,1876756.4
new_york,2020-03-02 00:00:00,40.75,-74.0,0.0,277.6421,0.0
new_york,2020-03-02 06:00:00,40.75,-74.0,0.0,274.0894,0.0
new_york,2020-03-02 12:00:00,40.75,-74.0,4676.0625,275.0616,18357.25
new_york,2020-03-02 18:00:00,40.75,-74.0,273934.84,285.11667,2184690.5
new_york,2020-03-03 00:00:00,40.75,-74.0,0.0,285.15503,0.0
new_york,2020-03-03 06:00:00,40.75,-74.0,0.0,283.9708,0.0
new_york,2020-03-03 12:00:00,40.75,-74.0,4345.0625,281.0358,10536.0
new_york,2020-03-03 18:00:00,40.75,-74.0,197200.16,284.69266,457441.25
new_york,2020-03-04 00:00:00,40.75,-74.0,0.0,283.03146,0.0
new_york,2020-03-04 06:00:00,40.75,-74.0,0.0,282.31873,0.0
new_york,2020-03-04 12:00:00,40.75,-74.0,5889.625,280.0727,26436.875
new_york,2020-03-04 18:00:00,40.75,-74.0,258362.16,284.2705,1820198.4
new_york,2020-03-05 00:00:00,40.75,-74.0,0.0,283.70398,0.0
new_york,2020-03-05 06:00:00,40.75,-74.0,0.0,280.36874,0.0
new_york,2020-03-05 12:00:00,40.75,-74.0,6492.1562,277.26013,33482.375
new_york,2020-03-05 18:00:00,40.75,-74.0,280342.12,281.10706,2342600.5
new_york,2020-03-06 00:00:00,40.75,-74.0,0.0,280.16956,0.0
new_york,2020-03-06 06:00:00,40.75,-74.0,0.0,276.65887,0.0
new_york,2020-03-06 12:00:00,40.75,-74.0,6848.5938,275.34854,36843.5
new_york,2020-03-06 18:00:00,40.75,-74.0,109000.25,280.39435,75303.0
new_york,2020-03-07 00:00:00,40.75,-74.0,0.0,277.53244,0.0
new_york,2020-03-07 06:00:00,40.75,-74.0,0.0,276.24402,0.0
new_york,2020-03-07 12:00:00,40.75,-74.0,6466.6875,275.1329,4460.0
new_york,2020-03-07 18:00:00,40.75,-74.0,285832.88,279.67062,2448735.5
new_york,2020-03-08 00:00:00,40.75,-74.0,0.0,278.92136,0.0
new_york,2020-03-08 06:00:00,40.75,-74.0,0.0,274.89896,0.0
new_york,2020-03-08 12:00:00,40.75,-74.0,8656.219,273.29623,46797.75
new_york,2020-03-08 18:00:00,40.75,-74.0,287037.94,283.9854,2327475.2
new_york,2020-03-09 00:00:00,40.75,-74.0,0.0,283.96533,0.0
new_york,2020-03-09 06:00:00,40.75,-74.0,0.0,280.32855,0.0
new_york,2020-03-09 12:00:00,40.75,-74.0,9479.406,278.21045,51904.125
new_york,2020-03-09 18:00:00,40.75,-74.0,289999.72,291.18222,2360246.5
new_york,2020-03-10 00:00:00,40.75,-74.0,0.0,287.8835,0.0
new_york,2020-03-10 06:00:00,40.75,-74.0,0.0,284.63968,0.0
new_york,2020-03-10 12:00:00,40.75,-74.0,6721.2812,282.38086,6205.25
new_york,2020-03-10 18:00:00,40.75,-74.0,123299.95,289.63794,101222.75
new_york,2020-03-11 00:00:00,40.75,-74.0,0.0,289.65076,0.0
new_york,2020-03-11 06:00:00,40.75,-74.0,0.0,283.73688,0.0
new_york,2020-03-11 12:00:00,40.75,-74.0,11244.594,279.12604,55911.625
new_york,2020-03-11 18:00:00,40.75,-74.0,228056.97,282.90536,956379.9
new_york,2020-03-12 00:00:00,40.75,-74.0,0.0,282.6678,0.0
new_york,2020-03-12 06:00:00,40.75,-74.0,0.0,279.00906,0.0
new_york,2020-03-12 12:00:00,40.75,-74.0,5881.125,278.30365,20296.25
new_york,2020-03-12 18:00:00,40.75,-74.0,120949.2,281.2496,51645.625
new_york,2020-03-13 00:00:00,40.75,-74.0,0.0,281.13083,0.0
new_york,2020-03-13 06:00:00,40.75,-74.0,0.0,281.34283,0.0
new_york,2020-03-13 12:00:00,40.75,-74.0,2435.625,283.75882,0.0
new_york,2020-03-13 18:00:00,40.75,-74.0,175695.44,290.01624,370762.0
new_york,2020-03-14 00:00:00,40.75,-74.0,0.0,288.39706,0.0
new_york,2020-03-14 06:00:00,40.75,-74.0,0.0,282.09576,0.0
new_york,2020-03-14 12:00:00,40.75,-74.0,14079.0625,279.5299,85580.375
new_york,2020-03-14 18:00:00,40.75,-74.0,293012.44,284.0786,2397284.0
new_york,2020-03-15 00:00:00,40.75,-74.0,0.0,283.2599,0.0
new_york,2020-03-15 06:00:00,40.75,-74.0,0.0,280.10925,0.0
new_york,2020-03-15 12:00:00,40.75,-74.0,14393.0625,278.80988,54166.5
new_york,2020-03-15 18:00:00,40.75,-74.0,300039.22,283.0022,2367162.8
new_york,2020-03-16 00:00:00,40.75,-74.0,0.0,281.96783,0.0
new_york,2020-03-16 06:00:00,40.75,-74.0,0.0,276.8416,0.0
new_york,2020-03-16 12:00:00,40.75,-74.0,15937.594,273.35837,101352.0
new_york,2020-03-16 18:00:00,40.75,-74.0,158883.73,278.6052,351887.75
new_york,2020-03-17 00:00:00,40.75,-74.0,0.0,278.2872,0.0
new_york,2020-03-17 06:00:00,40.75,-74.0,0.0,278.8903,0.0
new_york,2020-03-17 12:00:00,40.75,-74.0,8562.844,278.83728,39623.0
new_york,2020-03-17 18:00:00,40.75,-74.0,116324.08,282.40097,92238.0
new_york,2020-03-18 00:00:00,40.75,-74.0,8.5,283.07532,0.0
new_york,2020-03-18 06:00:00,40.75,-74.0,0.0,280.65384,0.0
new_york,2020-03-18 12:00:00,40.75,-74.0,18517.484,276.74658,120743.25
new_york,2020-03-18 18:00:00,40.75,-74.0,308593.6,283.05338,2495856.5
new_york,2020-03-19 00:00:00,40.75,-74.0,25.46875,281.18018,0.0
new_york,2020-03-19 06:00:00,40.75,-74.0,0.0,279.57925,0.0
new_york,2020-03-19 12:00:00,40.75,-74.0,1035.3438,279.49884,0.0
new_york,2020-03-19 18:00:00,40.75,-74.0,182883.47,281.7668,645213.75
new_york,2020-03-20 00:00:00,40.75,-74.0,42.4375,282.36624,0.0
new_york,2020-03-20 06:00:00,40.75,-74.0,0.0,281.51645,0.0
new_york,2020-03-20 12:00:00,40.75,-74.0,8698.625,281.18747,10988.5
new_york,2020-03-20 18:00:00,40.75,-74.0,129902.44,290.43475,420662.38
new_york,2020-03-21 00:00:00,40.75,-74.0,67.90625,292.9805,64.75
new_york,2020-03-21 06:00:00,40.75,-74.0,0.0,288.3532,0.0
new_york,2020-03-21 12:00:00,40.75,-74.0,11609.5,279.47876,0.0
new_york,2020-03-21 18:00:00,40.75,-74.0,326890.44,282.3918,2706058.5
new_york,2020-03-22 00:00:00,40.75,-74.0,161.25,281.33185,129.25
new_york,2020-03-22 06:00:00,40.75,-74.0,0.0,277.0518,0.0
new_york,2020-03-22 12:00:00,40.75,-74.0,18856.938,274.25568,92625.875
new_york,2020-03-22 18:00:00,40.75,-74.0,217771.38,277.72433,722843.75
new_york,2020-03-23 00:00:00,40.75,-74.0,178.21875,277.06274,64.75
new_york,2020-03-23 06:00:00,40.75,-74.0,0.0,276.80692,0.0
new_york,2020-03-23 12:00:00,40.75,-74.0,6865.5625,276.35733,1034.25
new_york,2020-03-23 18:00:00,40.75,-74.0,53897.594,277.31497,0.0
new_york,2020-03-24 00:00:00,40.75,-74.0,93.34375,278.21774,0.0
new_york,2020-03-24 06:00:00,40.75,-74.0,0.0,276.4487,0.0
new_york,2020-03-24 12:00:00,40.75,-74.0,25917.688,277.2254,159525.88
new_york,2020-03-24 18:00:00,40.75,-74.0,290491.94,283.33847,1935964.5
new_york,2020-03-25 00:00:00,40.75,-74.0,381.90625,282.7043,258.5
new_york,2020-03-25 06:00:00,40.75,-74.0,0.0,278.35483,0.0
new_york,2020-03-25 12:00:00,40.75,-74.0,9895.219,278.49188,129.25
new_york,2020-03-25 18:00:00,40.75,-74.0,106174.25,280.58987,43759.75
new_york,2020-03-26 00:00:00,40.75,-74.0,347.9375,279.9868,64.75
new_york,2020-03-26 06:00:00,40.75,-74.0,0.0,277.516,0.0
new_york,2020-03-26 12:00:00,40.75,-74.0,28786.125,276.30432,194624.25
new_york,2020-03-26 18:00:00,40.75,-74.0,325625.94,284.08044,2586220.0
new_york,2020-03-27 00:00:00,40.75,-74.0,534.65625,283.8502,0.0
new_york,2020-03-27 06:00:00,40.75,-74.0,0.0,283.03693,0.0
new_york,2020-03-27 12:00:00,40.75,-74.0,17354.844,282.89804,8726.0
new_york,2020-03-27 18:00:00,40.75,-74.0,330208.62,289.70374,2648143.0
philadelphia,2020-01-01 00:00:00,40.0,-75.25,0.0,279.7017,0.0
philadelphia,2020-01-01 06:00:00,40.0,-75.25,0.0,278.0204,0.0
philadelphia,2020-01-01 12:00:00,40.0,-75.25,0.0,276.1636,0.0
philadelphia,2020-01-01 18:00:00,40.0,-75.25,143659.0,278.67462,914753.1
philadelphia,2020-01-02 00:00:00,40.0,-75.25,0.0,275.23157,0.0
philadelphia,2020-01-02 06:00:00,40.0,-75.25,0.0,271.42484,0.0
philadelphia,2020-01-02 12:00:00,40.0,-75.25,0.0,270.01035,0.0
philadelphia,2020-01-02 18:00:00,40.0,-75.25,146187.97,282.0446,765440.0
philadelphia,2020-01-03 00:00:00,40.0,-75.25,0.0,279.65784,0.0
philadelphia,2020-01-03 06:00:00,40.0,-75.25,0.0,281.25327,0.0
philadelphia,2020-01-03 12:00:00,40.0,-75.25,0.0,280.6301,0.0
philadelphia,2020-01-03 18:00:00,40.0,-75.25,89617.16,283.10272,53196.875
philadelphia,2020-01-04 00:00:00,40.0,-75.25,0.0,281.96417,0.0
philadelphia,2020-01-04 06:00:00,40.0,-75.25,0.0,281.54202,0.0
philadelphia,2020-01-04 12:00:00,40.0,-75.25,0.0,282.284,0.0
philadelphia,2020-01-04 18:00:00,40.0,-75.25,52658.562,284.8937,0.0
philadelphia,2020-01-05 00:00:00,40.0,-75.25,0.0,283.84286,0.0
philadelphia,2020-01-05 06:00:00,40.0,-75.25,0.0,278.15744,0.0
philadelphia,2020-01-05 12:00:00,40.0,-75.25,0.0,276.9531,0.0
philadelphia,2020-01-05 18:00:00,40.0,-75.25,143463.81,278.90857,657688.9
philadelphia,2020-01-06 00:00:00,40.0,-75.25,0.0,276.19467,0.0
philadelphia,2020-01-06 06:00:00,40.0,-75.25,0.0,274.68698,0.0
philadelphia,2020-01-06 12:00:00,40.0,-75.25,0.0,275.0854,0.0
philadelphia,2020-01-06 18:00:00,40.0,-75.25,91874.55,281.9587,340964.0
philadelphia,2020-01-07 00:00:00,40.0,-75.25,0.0,279.02368,0.0
philadelphia,2020-01-07 06:00:00,40.0,-75.25,0.0,276.26596,0.0
philadelphia,2020-01-07 12:00:00,40.0,-75.25,0.0,272.82474,0.0
philadelphia,2020-01-07 18:00:00,40.0,-75.25,122994.44,279.6615,155065.88
philadelphia,2020-01-08 00:00:00,40.0,-75.25,0.0,275.05978,0.0
philadelphia,2020-01-08 06:00:00,40.0,-75.25,0.0,272.71143,0.0
philadelphia,2020-01-08 12:00:00,40.0,-75.25,0.0,272.63834,0.0
philadelphia,2020-01-08 18:00:00,40.0,-75.25,172334.8,278.11725,1268644.8
philadelphia,2020-01-09 00:00:00,40.0,-75.25,0.0,273.94318,0.0
philadelphia,2020-01-09 06:00:00,40.0,-75.25,0.0,271.07397,0.0
philadelphia,2020-01-09 12:00:00,40.0,-75.25,0.0,268.3619,0.0
philadelphia,2020-01-09 18:00:00,40.0,-75.25,169440.9,273.47897,1375426.2
philadelphia,2020-01-10 00:00:00,40.0,-75.25,0.0,272.60727,0.0
philadelphia,2020-01-10 06:00:00,40.0,-75.25,0.0,272.02792,0.0
philadelphia,2020-01-10 12:00:00,40.0,-75.25,0.0,273.91394,0.0
philadelphia,2020-01-10 18:00:00,40.0,-75.25,158433.95,282.96567,830530.1
philadelphia,2020-01-11 00:00:00,40.0,-75.25,0.0,283.4134,0.0
philadelphia,2020-01-11 06:00:00,40.0,-75.25,0.0,283.7716,0.0
philadelphia,2020-01-11 12:00:00,40.0,-75.25,0.0,285.4054,0.0
philadelphia,2020-01-11 18:00:00,40.0,-75.25,148173.81,292.4944,307417.0
philadelphia,2020-01-12 00:00:00,40.0,-75.25,0.0,291.79077,0.0
philadelphia,2020-01-12 06:00:00,40.0,-75.25,0.0,291.2882,0.0
philadelphia,2020-01-12 12:00:00,40.0,-75.25,0.0,291.86935,0.0
philadelphia,2020-01-12 18:00:00,40.0,-75.25,175916.1,292.82516,1435151.5
philadelphia,2020-01-13 00:00:00,40.0,-75.25,0.0,285.35788,0.0
philadelphia,2020-01-13 06:00:00,40.0,-75.25,0.0,280.02335,0.0
philadelphia,2020-01-13 12:00:00,40.0,-75.25,0.0,277.5032,0.0
philadelphia,2020-01-13 18:00:00,40.0,-75.25,66627.3,280.97733,6657.75
philadelphia,2020-01-14 00:00:00,40.0,-75.25,0.0,279.02734,0.0
philadelphia,2020-01-14 06:00:00,40.0,-75.25,0.0,277.9034,0.0
philadelphia,2020-01-14 12:00:00,40.0,-75.25,0.0,276.5748,0.0
philadelphia,2020-01-14 18:00:00,40.0,-75.25,35303.734,280.39798,12345.75
philadelphia,2020-01-15 00:00:00,40.0,-75.25,0.0,280.23898,0.0
philadelphia,2020-01-15 06:00:00,40.0,-75.25,0.0,280.18784,0.0
philadelphia,2020-01-15 12:00:00,40.0,-75.25,0.0,279.22836,0.0
philadelphia,2020-01-15 18:00:00,40.0,-75.25,180108.4,284.223,1302450.2
philadelphia,2020-01-16 00:00:00,40.0,-75.25,0.0,279.6012,0.0
philadelphia,2020-01-16 06:00:00,40.0,-75.25,0.0,280.41626,0.0
philadelphia,2020-01-16 12:00:00,40.0,-75.25,0.0,283.0881,0.0
philadelphia,2020-01-16 18:00:00,40.0,-75.25,154462.28,282.10306,705326.9
philadelphia,2020-01-17 00:00:00,40.0,-75.25,0.0,278.02222,0.0
philadelphia,2020-01-17 06:00:00,40.0,-75.25,0.0,273.9962,0.0
philadelphia,2020-01-17 12:00:00,40.0,-75.25,0.0,270.1072,0.0
philadelphia,2020-01-17 18:00:00,40.0,-75.25,181966.94,273.1025,1608962.2
philadelphia,2020-01-18 00:00:00,40.0,-75.25,0.0,270.46906,0.0
philadelphia,2020-01-18 06:00:00,40.0,-75.25,0.0,267.86484,0.0
philadelphia,2020-01-18 12:00:00,40.0,-75.25,0.0,268.12433,0.0
philadelphia,2020-01-18 18:00:00,40.0,-75.25,50800.03,270.30457,64.75
philadelphia,2020-01-19 00:00:00,40.0,-75.25,0.0,273.66357,0.0
philadelphia,2020-01-19 06:00:00,40.0,-75.25,0.0,277.0792,0.0
philadelphia,2020-01-19 12:00:00,40.0,-75.25,0.0,276.21478,0.0
philadelphia,2020-01-19 18:00:00,40.0,-75.25,123843.09,277.60004,86032.875
philadelphia,2020-01-20 00:00:00,40.0,-75.25,0.0,272.90332,0.0
philadelphia,2020-01-20 06:00:00,40.0,-75.25,0.0,270.39777,0.0
philadelphia,2020-01-20 12:00:00,40.0,-75.25,0.0,268.5209,0.0
philadelphia,2020-01-20 18:00:00,40.0,-75.25,187517.1,273.28162,1655436.8
philadelphia,2020-01-21 00:00:00,40.0,-75.25,0.0,270.98077,0.0
philadelphia,2020-01-21 06:00:00,40.0,-75.25,0.0,267.6565,0.0
philadelphia,2020-01-21 12:00:00,40.0,-75.25,0.0,266.88528,0.0
philadelphia,2020-01-21 18:00:00,40.0,-75.25,188824.0,274.03088,1627836.5
philadelphia,2020-01-22 00:00:00,40.0,-75.25,0.0,271.6624,0.0
philadelphia,2020-01-22 06:00:00,40.0,-75.25,0.0,268.42953,0.0
philadelphia,2020-01-22 12:00:00,40.0,-75.25,0.0,266.94925,0.0
philadelphia,2020-01-22 18:00:00,40.0,-75.25,190691.03,275.95346,1609867.2
philadelphia,2020-01-23 00:00:00,40.0,-75.25,0.0,274.0565,0.0
philadelphia,2020-01-23 06:00:00,40.0,-75.25,0.0,269.92444,0.0
philadelphia,2020-01-23 12:00:00,40.0,-75.25,0.0,267.79904,0.0
philadelphia,2020-01-23 18:00:00,40.0,-75.25,174812.84,278.76785,846043.25
philadelphia,2020-01-24 00:00:00,40.0,-75.25,0.0,275.65558,0.0
philadelphia,2020-01-24 06:00:00,40.0,-75.25,0.0,273.82803,0.0
philadelphia,2020-01-24 12:00:00,40.0,-75.25,0.0,272.3368,0.0
philadelphia,2020-01-24 18:00:00,40.0,-75.25,157101.58,284.8188,854963.25
philadelphia,2020-01-25 00:00:00,40.0,-75.25,0.0,280.67578,0.0
philadelphia,2020-01-25 06:00:00,40.0,-75.25,0.0,278.90125,0.0
philadelphia,2020-01-25 12:00:00,40.0,-75.25,0.0,281.03214,0.0
philadelphia,2020-01-25 18:00:00,40.0,-75.25,29134.062,283.50296,0.0
philadelphia,2020-01-26 00:00:00,40.0,-75.25,0.0,279.99045,0.0
philadelphia,2020-01-26 06:00:00,40.0,-75.25,0.0,276.63147,0.0
philadelphia,2020-01-26 12:00:00,40.0,-75.25,0.0,275.28275,0.0
philadelphia,2020-01-26 18:00:00,40.0,-75.25,105503.83,280.4254,271284.5
philadelphia,2020-01-27 00:00:00,40.0,-75.25,0.0,279.65784,0.0
philadelphia,2020-01-27 06:00:00,40.0,-75.25,0.0,275.90778,0.0
philadelphia,2020-01-27 12:00:00,40.0,-75.25,0.0,275.77435,0.0
philadelphia,2020-01-27 18:00:00,40.0,-75.25,138736.84,280.28104,296622.5
philadelphia,2020-01-28 00:00:00,40.0,-75.25,0.0,279.2777,0.0
philadelphia,2020-01-28 06:00:00,40.0,-75.25,0.0,277.48492,0.0
philadelphia,2020-01-28 12:00:00,40.0,-75.25,0.0,276.21478,0.0
philadelphia,2020-01-28 18:00:00,40.0,-75.25,158510.33,279.36908,374963.5
philadelphia,2020-01-29 00:00:00,40.0,-75.25,0.0,278.14648,0.0
philadelphia,2020-01-29 06:00:00,40.0,-75.25,0.0,276.33542,0.0
philadelphia,2020-01-29 12:00:00,40.0,-75.25,0.0,275.725,0.0
philadelphia,2020-01-29 18:00:00,40.0,-75.25,191692.44,278.86105,1140920.5
philadelphia,2020-01-30 00:00:00,40.0,-75.25,0.0,274.9538,0.0
philadelphia,2020-01-30 06:00:00,40.0,-75.25,0.0,270.93326,0.0
philadelphia,2020-01-30 12:00:00,40.0,-75.25,0.0,268.32355,0.0
philadelphia,2020-01-30 18:00:00,40.0,-75.25,186685.42,275.1402,939703.25
philadelphia,2020-01-31 00:00:00,40.0,-75.25,0.0,273.8975,0.0
philadelphia,2020-01-31 06:00:00,40.0,-75.25,0.0,272.1321,0.0
philadelphia,2020-01-31 12:00:00,40.0,-75.25,0.0,272.74066,0.0
philadelphia,2020-01-31 18:00:00,40.0,-75.25,178165.0,280.40347,756520.0
philadelphia,2020-02-01 12:00:00,40.0,-75.25,0.0,274.41284,0.0
philadelphia,2020-02-01 18:00:00,40.0,-75.25,149395.86,279.0383,246205.12
philadelphia,2020-02-02 00:00:00,40.0,-75.25,0.0,279.62494,0.0
philadelphia,2020-02-02 06:00:00,40.0,-75.25,0.0,277.98566,0.0
philadelphia,2020-02-02 12:00:00,40.0,-75.25,0.0,275.26263,0.0
philadelphia,2020-02-02 18:00:00,40.0,-75.25,117367.91,278.60703,147568.0
philadelphia,2020-02-03 00:00:00,40.0,-75.25,0.0,276.67166,0.0
philadelphia,2020-02-03 06:00:00,40.0,-75.25,0.0,275.82736,0.0
philadelphia,2020-02-03 12:00:00,40.0,-75.25,0.0,276.9257,0.0
philadelphia,2020-02-03 18:00:00,40.0,-75.25,215632.78,287.5564,1740047.6
philadelphia,2020-02-04 00:00:00,40.0,-75.25,0.0,283.85385,0.0
philadelphia,2020-02-04 06:00:00,40.0,-75.25,0.0,280.50217,0.0
philadelphia,2020-02-04 12:00:00,40.0,-75.25,0.0,281.90204,0.0
philadelphia,2020-02-04 18:00:00,40.0,-75.25,58013.53,286.41785,12475.0
philadelphia,2020-02-05 00:00:00,40.0,-75.25,0.0,287.7483,0.0
philadelphia,2020-02-05 06:00:00,40.0,-75.25,0.0,285.62106,0.0
philadelphia,2020-02-05 12:00:00,40.0,-75.25,0.0,277.93448,0.0
philadelphia,2020-02-05 18:00:00,40.0,-75.25,43289.5,278.11542,0.0
philadelphia,2020-02-06 00:00:00,40.0,-75.25,0.0,278.13733,0.0
philadelphia,2020-02-06 06:00:00,40.0,-75.25,0.0,276.15448,0.0
philadelphia,2020-02-06 12:00:00,40.0,-75.25,0.0,277.15048,0.0
philadelphia,2020-02-06 18:00:00,40.0,-75.25,24670.172,278.80804,0.0
philadelphia,2020-02-07 00:00:00,40.0,-75.25,0.0,279.42575,0.0
philadelphia,2020-02-07 06:00:00,40.0,-75.25,0.0,279.7346,0.0
philadelphia,2020-02-07 12:00:00,40.0,-75.25,0.0,284.21387,0.0
philadelphia,2020-02-07 18:00:00,40.0,-75.25,134043.83,279.58658,316401.75
philadelphia,2020-02-08 00:00:00,40.0,-75.25,0.0,276.58212,0.0
philadelphia,2020-02-08 06:00:00,40.0,-75.25,0.0,274.13324,0.0
philadelphia,2020-02-08 12:00:00,40.0,-75.25,0.0,272.14307,0.0
philadelphia,2020-02-08 18:00:00,40.0,-75.25,165324.97,278.38223,772226.9
philadelphia,2020-02-09 00:00:00,40.0,-75.25,0.0,275.8438,0.0
philadelphia,2020-02-09 06:00:00,40.0,-75.25,0.0,272.1522,0.0
philadelphia,2020-02-09 12:00:00,40.0,-75.25,0.0,272.1394,0.0
philadelphia,2020-02-09 18:00:00,40.0,-75.25,221743.03,280.44186,1896535.5
philadelphia,2020-02-10 00:00:00,40.0,-75.25,0.0,277.3972,0.0
philadelphia,2020-02-10 06:00:00,40.0,-75.25,0.0,279.14978,0.0
philadelphia,2020-02-10 12:00:00,40.0,-75.25,0.0,279.6743,0.0
philadelphia,2020-02-10 18:00:00,40.0,-75.25,118836.08,281.54932,506501.25
philadelphia,2020-02-11 00:00:00,40.0,-75.25,0.0,280.52957,0.0
philadelphia,2020-02-11 06:00:00,40.0,-75.25,0.0,280.98828,0.0
philadelphia,2020-02-11 12:00:00,40.0,-75.25,0.0,280.85123,0.0
philadelphia,2020-02-11 18:00:00,40.0,-75.25,32766.266,283.34213,64.75
philadelphia,2020-02-12 00:00:00,40.0,-75.25,0.0,283.53036,0.0
philadelphia,2020-02-12 06:00:00,40.0,-75.25,0.0,280.4583,0.0
philadelphia,2020-02-12 12:00:00,40.0,-75.25,0.0,276.9403,0.0
philadelphia,2020-02-12 18:00:00,40.0,-75.25,203132.2,280.8165,954246.75
philadelphia,2020-02-13 00:00:00,40.0,-75.25,0.0,279.68524,0.0
philadelphia,2020-02-13 06:00:00,40.0,-75.25,0.0,276.55106,0.0
philadelphia,2020-02-13 12:00:00,40.0,-75.25,0.0,278.64172,0.0
philadelphia,2020-02-13 18:00:00,40.0,-75.25,49968.36,283.86847,39170.5
philadelphia,2020-02-14 00:00:00,40.0,-75.25,0.0,281.18747,0.0
philadelphia,2020-02-14 06:00:00,40.0,-75.25,0.0,277.9491,0.0
philadelphia,2020-02-14 12:00:00,40.0,-75.25,0.0,274.70526,0.0
philadelphia,2020-02-14 18:00:00,40.0,-75.25,226156.0,273.9633,1610707.5
philadelphia,2020-02-15 00:00:00,40.0,-75.25,0.0,270.28812,0.0
philadelphia,2020-02-15 06:00:00,40.0,-75.25,0.0,266.59286,0.0
philadelphia,2020-02-15 12:00:00,40.0,-75.25,8.5,264.23718,0.0
philadelphia,2020-02-15 18:00:00,40.0,-75.25,241329.81,271.84335,2125288.5
philadelphia,2020-02-16 00:00:00,40.0,-75.25,0.0,271.05753,0.0
philadelphia,2020-02-16 06:00:00,40.0,-75.25,0.0,271.42484,0.0
philadelphia,2020-02-16 12:00:00,40.0,-75.25,16.96875,272.3916,0.0
philadelphia,2020-02-16 18:00:00,40.0,-75.25,212976.5,279.75104,1117069.2
philadelphia,2020-02-17 00:00:00,40.0,-75.25,0.0,278.17938,0.0
philadelphia,2020-02-17 06:00:00,40.0,-75.25,0.0,276.6936,0.0
philadelphia,2020-02-17 12:00:00,40.0,-75.25,67.90625,274.04733,64.75
philadelphia,2020-02-17 18:00:00,40.0,-75.25,238758.4,283.72043,1864346.0
philadelphia,2020-02-18 00:00:00,40.0,-75.25,0.0,279.37457,0.0
philadelphia,2020-02-18 06:00:00,40.0,-75.25,0.0,276.202,0.0
philadelphia,2020-02-18 12:00:00,40.0,-75.25,93.34375,277.07556,0.0
philadelphia,2020-02-18 18:00:00,40.0,-75.25,127186.766,287.52716,445030.75
philadelphia,2020-02-19 00:00:00,40.0,-75.25,0.0,284.51904,0.0
philadelphia,2020-02-19 06:00:00,40.0,-75.25,0.0,283.23978,0.0
philadelphia,2020-02-19 12:00:00,40.0,-75.25,84.875,279.46594,64.75
philadelphia,2020-02-19 18:00:00,40.0,-75.25,241609.88,282.8761,1850578.1
philadelphia,2020-02-20 00:00:00,40.0,-75.25,0.0,278.88297,0.0
philadelphia,2020-02-20 06:00:00,40.0,-75.25,0.0,273.67453,0.0
philadelphia,2020-02-20 12:00:00,40.0,-75.25,297.03125,271.43765,194.0
philadelphia,2020-02-20 18:00:00,40.0,-75.25,180948.56,275.3595,541664.1
philadelphia,2020-02-21 00:00:00,40.0,-75.25,0.0,274.2301,0.0
philadelphia,2020-02-21 06:00:00,40.0,-75.25,0.0,270.71942,0.0
philadelphia,2020-02-21 12:00:00,40.0,-75.25,424.3125,267.48837,775.75
philadelphia,2020-02-21 18:00:00,40.0,-75.25,254729.95,273.99982,2180295.2
philadelphia,2020-02-22 00:00:00,40.0,-75.25,0.0,272.90332,0.0
philadelphia,2020-02-22 06:00:00,40.0,-75.25,0.0,271.32617,0.0
philadelphia,2020-02-22 12:00:00,40.0,-75.25,577.09375,270.18396,1228.25
philadelphia,2020-02-22 18:00:00,40.0,-75.25,258031.19,282.09027,2210157.8
philadelphia,2020-02-23 00:00:00,40.0,-75.25,0.0,279.41296,0.0
philadelphia,2020-02-23 06:00:00,40.0,-75.25,0.0,274.1497,0.0
philadelphia,2020-02-23 12:00:00,40.0,-75.25,755.3125,269.22086,1874.5
philadelphia,2020-02-23 18:00:00,40.0,-75.25,260628.05,285.99753,2218690.0
philadelphia,2020-02-24 00:00:00,40.0,-75.25,0.0,281.1893,0.0
philadelphia,2020-02-24 06:00:00,40.0,-75.25,0.0,275.43445,0.0
philadelphia,2020-02-24 12:00:00,40.0,-75.25,967.46875,272.88687,2327.0
philadelphia,2020-02-24 18:00:00,40.0,-75.25,250478.23,288.92523,1695576.9
philadelphia,2020-02-25 00:00:00,40.0,-75.25,0.0,284.9394,0.0
philadelphia,2020-02-25 06:00:00,40.0,-75.25,0.0,282.06836,0.0
philadelphia,2020-02-25 12:00:00,40.0,-75.25,314.0,281.24414,0.0
philadelphia,2020-02-25 18:00:00,40.0,-75.25,12729.719,282.6678,0.0
philadelphia,2020-02-26 00:00:00,40.0,-75.25,0.0,282.1451,0.0
philadelphia,2020-02-26 06:00:00,40.0,-75.25,0.0,281.72113,0.0
philadelphia,2020-02-26 12:00:00,40.0,-75.25,602.53125,281.0431,258.5
philadelphia,2020-02-26 18:00:00,40.0,-75.25,124326.83,285.26285,362488.38
philadelphia,2020-02-27 00:00:00,40.0,-75.25,0.0,282.92545,0.0
philadelphia,2020-02-27 06:00:00,40.0,-75.25,0.0,281.77228,0.0
philadelphia,2020-02-27 12:00:00,40.0,-75.25,1086.2812,277.28754,64.75
philadelphia,2020-02-27 18:00:00,40.0,-75.25,218620.02,278.35846,1059670.9
philadelphia,2020-02-28 00:00:00,40.0,-75.25,0.0,274.50058,0.0
philadelphia,2020-02-28 06:00:00,40.0,-75.25,0.0,272.6438,0.0
philadelphia,2020-02-28 12:00:00,40.0,-75.25,2002.8125,272.34592,4718.5
philadelphia,2020-02-28 18:00:00,40.0,-75.25,217847.75,278.4791,935307.9
philadelphia,2020-02-29 00:00:00,40.0,-75.25,0.0,277.32227,0.0
philadelphia,2020-02-29 06:00:00,40.0,-75.25,0.0,273.26334,0.0
philadelphia,2020-02-29 12:00:00,40.0,-75.25,2452.5938,271.01,8467.5
philadelphia,2020-02-29 18:00:00,40.0,-75.25,174244.25,274.21912,348397.38
philadelphia,2020-03-01 00:00:00,40.0,-75.25,0.0,272.51587,0.0
philadelphia,2020-03-01 06:00:00,40.0,-75.25,0.0,271.23297,0.0
philadelphia,2020-03-01 12:00:00,40.0,-75.25,2859.9375,270.15106,11053.0
philadelphia,2020-03-01 18:00:00,40.0,-75.25,275513.3,279.1845,2322175.0
philadelphia,2020-03-02 00:00:00,40.0,-75.25,0.0,277.98383,0.0
philadelphia,2020-03-02 06:00:00,40.0,-75.25,0.0,274.08755,0.0
philadelphia,2020-03-02 12:00:00,40.0,-75.25,3335.1875,274.49142,12087.25
philadelphia,2020-03-02 18:00:00,40.0,-75.25,279357.7,288.7973,2225218.5
philadelphia,2020-03-03 00:00:00,40.0,-75.25,0.0,288.34772,0.0
philadelphia,2020-03-03 06:00:00,40.0,-75.25,0.0,284.05304,0.0
philadelphia,2020-03-03 12:00:00,40.0,-75.25,3555.8438,280.01422,3425.75
philadelphia,2020-03-03 18:00:00,40.0,-75.25,246472.61,287.7812,1221071.2
philadelphia,2020-03-04 00:00:00,40.0,-75.25,0.0,285.76178,0.0
philadelphia,2020-03-04 06:00:00,40.0,-75.25,0.0,282.8304,0.0
philadelphia,2020-03-04 12:00:00,40.0,-75.25,4260.2188,280.5314,17904.75
philadelphia,2020-03-04 18:00:00,40.0,-75.25,272874.03,286.7011,1831962.5
philadelphia,2020-03-05 00:00:00,40.0,-75.25,0.0,285.63568,0.0
philadelphia,2020-03-05 06:00:00,40.0,-75.25,0.0,281.4799,0.0
philadelphia,2020-03-05 12:00:00,40.0,-75.25,4794.875,277.2784,21653.625
philadelphia,2020-03-05 18:00:00,40.0,-75.25,287504.72,283.74054,2400386.5
philadelphia,2020-03-06 00:00:00,40.0,-75.25,0.0,281.55298,0.0
philadelphia,2020-03-06 06:00:00,40.0,-75.25,0.0,276.79047,0.0
philadelphia,2020-03-06 12:00:00,40.0,-75.25,4811.8438,274.9264,17581.5
philadelphia,2020-03-06 18:00:00,40.0,-75.25,59939.953,278.0204,0.0
philadelphia,2020-03-07 00:00:00,40.0,-75.25,0.0,277.6037,0.0
philadelphia,2020-03-07 06:00:00,40.0,-75.25,0.0,276.71188,0.0
philadelphia,2020-03-07 12:00:00,40.0,-75.25,5354.9688,275.48376,3296.5
philadelphia,2020-03-07 18:00:00,40.0,-75.25,291238.75,280.77994,2454617.8
philadelphia,2020-03-08 00:00:00,40.0,-75.25,0.0,279.2357,0.0
philadelphia,2020-03-08 06:00:00,40.0,-75.25,0.0,273.67453,0.0
philadelphia,2020-03-08 12:00:00,40.0,-75.25,6653.4062,272.47568,32836.0
philadelphia,2020-03-08 18:00:00,40.0,-75.25,293003.94,286.9972,2371364.2
philadelphia,2020-03-09 00:00:00,40.0,-75.25,0.0,284.72192,0.0
philadelphia,2020-03-09 06:00:00,40.0,-75.25,0.0,280.08548,0.0
philadelphia,2020-03-09 12:00:00,40.0,-75.25,7349.2812,277.7773,36649.625
philadelphia,2020-03-09 18:00:00,40.0,-75.25,295999.66,295.02185,2409371.2
philadelphia,2020-03-10 00:00:00,40.0,-75.25,0.0,289.72568,0.0
philadelphia,2020-03-10 06:00:00,40.0,-75.25,0.0,285.99753,0.0
philadelphia,2020-03-10 12:00:00,40.0,-75.25,6203.625,284.94852,3102.75
philadelphia,2020-03-10 18:00:00,40.0,-75.25,76624.36,290.85324,0.0
philadelphia,2020-03-11 00:00:00,40.0,-75.25,0.0,290.9026,0.0
philadelphia,2020-03-11 06:00:00,40.0,-75.25,0.0,285.42368,0.0
philadelphia,2020-03-11 12:00:00,40.0,-75.25,8062.1562,279.66516,46345.25
philadelphia,2020-03-11 18:00:00,40.0,-75.25,260721.4,286.48914,1225143.5
philadelphia,2020-03-12 00:00:00,40.0,-75.25,0.0,285.113,0.0
philadelphia,2020-03-12 06:00:00,40.0,-75.25,0.0,279.25214,0.0
philadelphia,2020-03-12 12:00:00,40.0,-75.25,2248.9062,280.44366,0.0
philadelphia,2020-03-12 18:00:00,40.0,-75.25,184640.19,285.2519,303926.62
philadelphia,2020-03-13 00:00:00,40.0,-75.25,0.0,284.30707,0.0
philadelphia,2020-03-13 06:00:00,40.0,-75.25,0.0,282.66046,0.0
philadelphia,2020-03-13 12:00:00,40.0,-75.25,3946.2188,285.06915,0.0
philadelphia,2020-03-13 18:00:00,40.0,-75.25,193890.44,294.37125,488467.38
philadelphia,2020-03-14 00:00:00,40.0,-75.25,16.96875,290.50055,0.0
philadelphia,2020-03-14 06:00:00,40.0,-75.25,0.0,283.27267,0.0
philadelphia,2020-03-14 12:00:00,40.0,-75.25,11380.375,279.54453,57721.5
philadelphia,2020-03-14 18:00:00,40.0,-75.25,306964.2,286.05417,2467803.8
philadelphia,2020-03-15 00:00:00,40.0,-75.25,25.46875,284.40027,0.0
philadelphia,2020-03-15 06:00:00,40.0,-75.25,0.0,279.6743,0.0
philadelphia,2020-03-15 12:00:00,40.0,-75.25,8571.344,278.7514,7950.5
philadelphia,2020-03-15 18:00:00,40.0,-75.25,265779.34,284.753,1839719.0
philadelphia,2020-03-16 00:00:00,40.0,-75.25,84.875,283.36407,64.75
philadelphia,2020-03-16 06:00:00,40.0,-75.25,0.0,277.03717,0.0
philadelphia,2020-03-16 12:00:00,40.0,-75.25,13247.375,274.14786,77436.0
philadelphia,2020-03-16 18:00:00,40.0,-75.25,223346.97,283.38052,1232318.2
philadelphia,2020-03-17 00:00:00,40.0,-75.25,67.90625,279.8278,0.0
philadelphia,2020-03-17 06:00:00,40.0,-75.25,0.0,279.41296,0.0
philadelphia,2020-03-17 12:00:00,40.0,-75.25,4625.125,278.9323,6593.0
philadelphia,2020-03-17 18:00:00,40.0,-75.25,209488.56,284.7274,225585.75
philadelphia,2020-03-18 00:00:00,40.0,-75.25,178.21875,285.82574,64.75
philadelphia,2020-03-18 06:00:00,40.0,-75.25,0.0,281.9605,0.0
philadelphia,2020-03-18 12:00:00,40.0,-75.25,15538.75,276.66254,91527.0
philadelphia,2020-03-18 18:00:00,40.0,-75.25,317419.53,286.18027,2607938.2
philadelphia,2020-03-19 00:00:00,40.0,-75.25,169.71875,283.81912,0.0
philadelphia,2020-03-19 06:00:00,40.0,-75.25,0.0,280.6849,0.0
philadelphia,2020-03-19 12:00:00,40.0,-75.25,1077.7812,280.6246,0.0
philadelphia,2020-03-19 18:00:00,40.0,-75.25,158136.94,284.5355,457182.62
philadelphia,2020-03-20 00:00:00,40.0,-75.25,195.1875,285.30853,0.0
philadelphia,2020-03-20 06:00:00,40.0,-75.25,0.0,283.28912,0.0
philadelphia,2020-03-20 12:00:00,40.0,-75.25,10294.094,286.26984,17129.0
philadelphia,2020-03-20 18:00:00,40.0,-75.25,262520.53,295.47873,1216611.2
philadelphia,2020-03-21 00:00:00,40.0,-75.25,271.5625,297.4433,0.0
philadelphia,2020-03-21 06:00:00,40.0,-75.25,0.0,290.12408,0.0
philadelphia,2020-03-21 12:00:00,40.0,-75.25,6678.8438,281.1016,9631.0
philadelphia,2020-03-21 18:00:00,40.0,-75.25,316486.0,283.51758,2074677.1
philadelphia,2020-03-22 00:00:00,40.0,-75.25,509.1875,281.70102,775.75
philadelphia,2020-03-22 06:00:00,40.0,-75.25,0.0,277.10114,0.0
philadelphia,2020-03-22 12:00:00,40.0,-75.25,17948.89,274.4695,129857.25
philadelphia,2020-03-22 18:00:00,40.0,-75.25,159248.66,279.1187,370244.88
philadelphia,2020-03-23 00:00:00,40.0,-75.25,212.15625,278.3475,0.0
philadelphia,2020-03-23 06:00:00,40.0,-75.25,0.0,276.7155,0.0
philadelphia,2020-03-23 12:00:00,40.0,-75.25,2181.0312,275.8511,0.0
philadelphia,2020-03-23 18:00:00,40.0,-75.25,38969.89,279.68707,0.0
philadelphia,2020-03-24 00:00:00,40.0,-75.25,254.59375,278.41513,0.0
philadelphia,2020-03-24 06:00:00,40.0,-75.25,0.0,277.64938,0.0
philadelphia,2020-03-24 12:00:00,40.0,-75.25,21012.516,278.1684,119321.25
philadelphia,2020-03-24 18:00:00,40.0,-75.25,244648.03,284.3089,678760.75
philadelphia,2020-03-25 00:00:00,40.0,-75.25,840.15625,283.9306,64.75
philadelphia,2020-03-25 06:00:00,40.0,-75.25,0.0,279.67245,0.0
philadelphia,2020-03-25 12:00:00,40.0,-75.25,6500.6562,279.24298,0.0
philadelphia,2020-03-25 18:00:00,40.0,-75.25,44299.39,280.8823,1163.5
philadelphia,2020-03-26 00:00:00,40.0,-75.25,755.3125,280.54968,64.75
philadelphia,2020-03-26 06:00:00,40.0,-75.25,0.0,276.67715,0.0
philadelphia,2020-03-26 12:00:00,40.0,-75.25,24780.5,275.72867,156940.38
philadelphia,2020-03-26 18:00:00,40.0,-75.25,329988.0,286.63715,2566247.0
philadelphia,2020-03-27 00:00:00,40.0,-75.25,1315.4062,285.00336,1422.0
philadelphia,2020-03-27 06:00:00,40.0,-75.25,0.0,283.1941,0.0
philadelphia,2020-03-27 12:00:00,40.0,-75.25,19340.672,283.47372,83188.75
philadelphia,2020-03-27 18:00:00,40.0,-75.25,272195.12,292.46878,1927303.1
daegu,2020-01-01 00:00:00,35.75,128.5,33182.11,270.8309,134252.62
daegu,2020-01-01 06:00:00,35.75,128.5,129817.56,277.83032,784572.75
daegu,2020-01-01 12:00:00,35.75,128.5,0.0,271.28778,0.0
daegu,2020-01-01 18:00:00,35.75,128.5,0.0,269.6357,0.0
daegu,2020-01-02 00:00:00,35.75,128.5,34047.734,272.90332,220608.62
daegu,2020-01-02 06:00:00,35.75,128.5,134900.97,280.73975,1093282.5
daegu,2020-01-02 12:00:00,35.75,128.5,0.0,275.2535,0.0
daegu,2020-01-02 18:00:00,35.75,128.5,0.0,272.79184,0.0
daegu,2020-01-03 00:00:00,35.75,128.5,35380.11,273.74216,232889.75
daegu,2020-01-03 06:00:00,35.75,128.5,142012.62,281.82162,1187653.6
daegu,2020-01-03 12:00:00,35.75,128.5,0.0,274.0766,0.0
daegu,2020-01-03 18:00:00,35.75,128.5,0.0,269.57358,0.0
daegu,2020-01-04 00:00:00,35.75,128.5,31535.734,272.64197,103161.875
daegu,2020-01-04 06:00:00,35.75,128.5,143217.7,281.4287,1133164.0
daegu,2020-01-04 12:00:00,35.75,128.5,0.0,274.54993,0.0
daegu,2020-01-04 18:00:00,35.75,128.5,0.0,269.16785,0.0
daegu,2020-01-05 00:00:00,35.75,128.5,35235.844,271.7392,246786.88
daegu,2020-01-05 06:00:00,35.75,128.5,145857.0,282.7171,1215641.8
daegu,2020-01-05 12:00:00,35.75,128.5,0.0,273.9505,0.0
daegu,2020-01-05 18:00:00,35.75,128.5,0.0,271.83423,0.0
daegu,2020-01-06 00:00:00,35.75,128.5,10387.4375,274.37265,3361.25
daegu,2020-01-06 06:00:00,35.75,128.5,51164.938,277.4886,3749.0
daegu,2020-01-06 12:00:00,35.75,128.5,0.0,276.5017,0.0
daegu,2020-01-06 18:00:00,35.75,128.5,0.0,277.04996,0.0
daegu,2020-01-07 00:00:00,35.75,128.5,2588.375,277.77185,0.0
daegu,2020-01-07 06:00:00,35.75,128.5,13468.031,282.28217,0.0
daegu,2020-01-07 12:00:00,35.75,128.5,0.0,286.86926,0.0
daegu,2020-01-07 18:00:00,35.75,128.5,0.0,283.81363,0.0
daegu,2020-01-08 00:00:00,35.75,128.5,18695.703,280.63922,22687.875
daegu,2020-01-08 06:00:00,35.75,128.5,69190.22,280.78726,97279.75
daegu,2020-01-08 12:00:00,35.75,128.5,0.0,278.73312,0.0
daegu,2020-01-08 18:00:00,35.75,128.5,0.0,276.0375,0.0
daegu,2020-01-09 00:00:00,35.75,128.5,32571.078,274.92273,122423.875
daegu,2020-01-09 06:00:00,35.75,128.5,148725.44,280.08548,1228504.6
daegu,2020-01-09 12:00:00,35.75,128.5,0.0,274.36716,0.0
daegu,2020-01-09 18:00:00,35.75,128.5,0.0,269.61743,0.0
daegu,2020-01-10 00:00:00,35.75,128.5,33962.86,271.5089,194753.5
daegu,2020-01-10 06:00:00,35.75,128.5,151144.06,282.03363,1256040.2
daegu,2020-01-10 12:00:00,35.75,128.5,0.0,273.6654,0.0
daegu,2020-01-10 18:00:00,35.75,128.5,0.0,271.83057,0.0
daegu,2020-01-11 00:00:00,35.75,128.5,35762.0,273.4808,243490.38
daegu,2020-01-11 06:00:00,35.75,128.5,152137.0,281.14728,1259401.5
daegu,2020-01-11 12:00:00,35.75,128.5,0.0,274.97208,0.0
daegu,2020-01-11 18:00:00,35.75,128.5,0.0,274.28128,0.0
daegu,2020-01-12 00:00:00,35.75,128.5,36271.188,274.2575,214920.5
daegu,2020-01-12 06:00:00,35.75,128.5,152748.02,278.98898,1115259.4
daegu,2020-01-12 12:00:00,35.75,128.5,0.0,274.19904,0.0
daegu,2020-01-12 18:00:00,35.75,128.5,0.0,272.8832,0.0
daegu,2020-01-13 00:00:00,35.75,128.5,34158.047,274.43845,146404.5
daegu,2020-01-13 06:00:00,35.75,128.5,141316.73,278.34204,578443.0
daegu,2020-01-13 12:00:00,35.75,128.5,0.0,271.61127,0.0
daegu,2020-01-13 18:00:00,35.75,128.5,0.0,271.6076,0.0
daegu,2020-01-14 00:00:00,35.75,128.5,27962.938,272.11566,18615.75
daegu,2020-01-14 06:00:00,35.75,128.5,118012.89,278.13004,278006.88
daegu,2020-01-14 12:00:00,35.75,128.5,0.0,272.06265,0.0
daegu,2020-01-14 18:00:00,35.75,128.5,0.0,269.4767,0.0
daegu,2020-01-15 00:00:00,35.75,128.5,36992.53,271.26404,262235.25
daegu,2020-01-15 06:00:00,35.75,128.5,159970.0,278.19946,1359977.8
daegu,2020-01-15 12:00:00,35.75,128.5,0.0,271.98224,0.0
daegu,2020-01-15 18:00:00,35.75,128.5,0.0,268.27054,0.0
daegu,2020-01-16 00:00:00,35.75,128.5,26053.469,270.91498,12410.5
daegu,2020-01-16 06:00:00,35.75,128.5,160037.9,279.2229,1341943.9
daegu,2020-01-16 12:00:00,35.75,128.5,0.0,272.55426,0.0
daegu,2020-01-16 18:00:00,35.75,128.5,0.0,271.5144,0.0
daegu,2020-01-17 00:00:00,35.75,128.5,25994.062,272.2856,7692.0
daegu,2020-01-17 06:00:00,35.75,128.5,133254.6,280.8384,661696.4
daegu,2020-01-17 12:00:00,35.75,128.5,0.0,273.25238,0.0
daegu,2020-01-17 18:00:00,35.75,128.5,0.0,270.3667,0.0
daegu,2020-01-18 00:00:00,35.75,128.5,28319.36,273.108,50223.5
daegu,2020-01-18 06:00:00,35.75,128.5,157458.0,281.65167,1237618.5
daegu,2020-01-18 12:00:00,35.75,128.5,0.0,273.34558,0.0
daegu,2020-01-18 18:00:00,35.75,128.5,0.0,269.95917,0.0
daegu,2020-01-19 00:00:00,35.75,128.5,22786.188,273.43695,14608.25
daegu,2020-01-19 06:00:00,35.75,128.5,127899.625,281.33734,307869.5
daegu,2020-01-19 12:00:00,35.75,128.5,0.0,274.9337,0.0
daegu,2020-01-19 18:00:00,35.75,128.5,0.0,274.6614,0.0
daegu,2020-01-20 00:00:00,35.75,128.5,33580.97,275.08356,208198.12
daegu,2020-01-20 06:00:00,35.75,128.5,116077.97,280.66663,388989.88
daegu,2020-01-20 12:00:00,35.75,128.5,0.0,275.37778,0.0
daegu,2020-01-20 18:00:00,35.75,128.5,0.0,271.47235,0.0
daegu,2020-01-21 00:00:00,35.75,128.5,39165.08,271.1233,295653.0
daegu,2020-01-21 06:00:00,35.75,128.5,166996.81,280.6849,1422547.1
daegu,2020-01-21 12:00:00,35.75,128.5,0.0,272.1723,0.0
daegu,2020-01-21 18:00:00,35.75,128.5,0.0,273.8847,0.0
daegu,2020-01-22 00:00:00,35.75,128.5,11991.375,275.5916,10083.5
daegu,2020-01-22 06:00:00,35.75,128.5,33852.547,277.56897,4330.75
daegu,2020-01-22 12:00:00,35.75,128.5,0.0,277.02255,0.0
daegu,2020-01-22 18:00:00,35.75,128.5,0.0,276.68628,0.0
daegu,2020-01-23 00:00:00,35.75,128.5,10608.094,277.55435,5558.75
daegu,2020-01-23 06:00:00,35.75,128.5,83006.19,281.94226,110918.375
daegu,2020-01-23 12:00:00,35.75,128.5,0.0,278.501,0.0
daegu,2020-01-23 18:00:00,35.75,128.5,0.0,275.42712,0.0
daegu,2020-01-24 00:00:00,35.75,128.5,34107.14,275.13107,76272.5
daegu,2020-01-24 06:00:00,35.75,128.5,159180.77,285.1404,948106.25
daegu,2020-01-24 12:00:00,35.75,128.5,0.0,278.1282,0.0
daegu,2020-01-24 18:00:00,35.75,128.5,0.0,277.49954,0.0
daegu,2020-01-25 00:00:00,35.75,128.5,24670.172,278.03867,42854.875
daegu,2020-01-25 06:00:00,35.75,128.5,62418.0,282.83957,57915.375
daegu,2020-01-25 12:00:00,35.75,128.5,0.0,279.4422,0.0
daegu,2020-01-25 18:00:00,35.75,128.5,0.0,275.4253,0.0
daegu,2020-01-26 00:00:00,35.75,128.5,33317.89,276.2294,29862.625
daegu,2020-01-26 06:00:00,35.75,128.5,74986.47,283.16852,39041.25
daegu,2020-01-26 12:00:00,35.75,128.5,0.0,281.2021,0.0
daegu,2020-01-26 18:00:00,35.75,128.5,0.0,280.69406,0.0
daegu,2020-01-27 00:00:00,35.75,128.5,7773.625,280.38885,0.0
daegu,2020-01-27 06:00:00,35.75,128.5,17159.656,278.87018,0.0
daegu,2020-01-27 12:00:00,35.75,128.5,0.0,277.4374,0.0
daegu,2020-01-27 18:00:00,35.75,128.5,0.0,277.07556,0.0
daegu,2020-01-28 00:00:00,35.75,128.5,27538.61,279.1845,23722.125
daegu,2020-01-28 06:00:00,35.75,128.5,99266.266,283.45728,99865.25
daegu,2020-01-28 12:00:00,35.75,128.5,0.0,279.6414,0.0
daegu,2020-01-28 18:00:00,35.75,128.5,0.0,276.6991,0.0
daegu,2020-01-29 00:00:00,35.75,128.5,38528.594,278.15015,163921.25
daegu,2020-01-29 06:00:00,35.75,128.5,98892.86,283.1941,410449.62
daegu,2020-01-29 12:00:00,35.75,128.5,0.0,280.48572,0.0
daegu,2020-01-29 18:00:00,35.75,128.5,0.0,276.85443,0.0
daegu,2020-01-30 00:00:00,35.75,128.5,44893.438,277.14682,316660.25
daegu,2020-01-30 06:00:00,35.75,128.5,104061.125,281.85635,224228.25
daegu,2020-01-30 12:00:00,35.75,128.5,0.0,276.23123,0.0
daegu,2020-01-30 18:00:00,35.75,128.5,0.0,274.40005,0.0
daegu,2020-01-31 00:00:00,35.75,128.5,43382.844,275.16943,270961.38
daegu,2020-01-31 06:00:00,35.75,128.5,124114.66,281.7997,382396.75
daegu,2020-01-31 12:00:00,35.75,128.5,0.0,275.48196,0.0
daegu,2020-01-31 18:00:00,35.75,128.5,0.0,271.09772,0.0
daegu,2020-02-01 12:00:00,35.75,128.5,0.0,277.89795,0.0
daegu,2020-02-01 18:00:00,35.75,128.5,0.0,273.20486,0.0
daegu,2020-02-02 00:00:00,35.75,128.5,46998.094,274.13507,328747.5
daegu,2020-02-02 06:00:00,35.75,128.5,166844.05,283.19775,1091795.9
daegu,2020-02-02 12:00:00,35.75,128.5,0.0,274.95746,0.0
daegu,2020-02-02 18:00:00,35.75,128.5,0.0,271.86163,0.0
daegu,2020-02-03 00:00:00,35.75,128.5,45657.22,275.41434,241357.25
daegu,2020-02-03 06:00:00,35.75,128.5,180778.84,280.18784,1381890.0
daegu,2020-02-03 12:00:00,35.75,128.5,0.0,272.6968,0.0
daegu,2020-02-03 18:00:00,35.75,128.5,0.0,269.55347,0.0
daegu,2020-02-04 00:00:00,35.75,128.5,49009.375,271.09042,369081.5
daegu,2020-02-04 06:00:00,35.75,128.5,191403.9,280.68674,1611289.2
daegu,2020-02-04 12:00:00,35.75,128.5,0.0,274.3306,0.0
daegu,2020-02-04 18:00:00,35.75,128.5,0.0,274.76007,0.0
daegu,2020-02-05 00:00:00,35.75,128.5,50129.594,270.01947,406248.12
daegu,2020-02-05 06:00:00,35.75,128.5,193313.34,274.8332,1670174.2
daegu,2020-02-05 12:00:00,35.75,128.5,0.0,269.25375,0.0
daegu,2020-02-05 18:00:00,35.75,128.5,0.0,266.02267,0.0
daegu,2020-02-06 00:00:00,35.75,128.5,51470.453,267.0333,404826.12
daegu,2020-02-06 06:00:00,35.75,128.5,181067.38,276.30252,1170653.9
daegu,2020-02-06 12:00:00,35.75,128.5,0.0,272.1851,0.0
daegu,2020-02-06 18:00:00,35.75,128.5,0.0,269.336,0.0
daegu,2020-02-07 00:00:00,35.75,128.5,51529.86,271.21832,362811.62
daegu,2020-02-07 06:00:00,35.75,128.5,192244.06,280.51678,1434505.0
daegu,2020-02-07 12:00:00,35.75,128.5,0.0,273.10983,0.0
daegu,2020-02-07 18:00:00,35.75,128.5,0.0,272.76624,0.0
daegu,2020-02-08 00:00:00,35.75,128.5,48644.47,275.3266,318340.88
daegu,2020-02-08 06:00:00,35.75,128.5,199873.4,280.2518,1650007.2
daegu,2020-02-08 12:00:00,35.75,128.5,0.0,273.99252,0.0
daegu,2020-02-08 18:00:00,35.75,128.5,0.0,268.93942,0.0
daegu,2020-02-09 00:00:00,35.75,128.5,54737.75,271.41022,415426.75
daegu,2020-02-09 06:00:00,35.75,128.5,203183.12,280.8165,1722401.5
daegu,2020-02-09 12:00:00,35.75,128.5,0.0,274.1643,0.0
daegu,2020-02-09 18:00:00,35.75,128.5,0.0,271.169,0.0
daegu,2020-02-10 00:00:00,35.75,128.5,48237.11,274.28857,273353.0
daegu,2020-02-10 06:00:00,35.75,128.5,203632.9,284.81696,1638954.2
daegu,2020-02-10 12:00:00,35.75,128.5,0.0,275.72134,0.0
daegu,2020-02-10 18:00:00,35.75,128.5,0.0,272.2253,0.0
daegu,2020-02-11 00:00:00,35.75,128.5,57173.36,274.5152,421696.5
daegu,2020-02-11 06:00:00,35.75,128.5,169118.42,286.91678,812237.75
daegu,2020-02-11 12:00:00,35.75,128.5,0.0,281.74304,0.0
daegu,2020-02-11 18:00:00,35.75,128.5,0.0,280.38336,0.0
daegu,2020-02-12 00:00:00,35.75,128.5,8333.719,280.64105,0.0
daegu,2020-02-12 06:00:00,35.75,128.5,34013.78,282.8871,3038.0
daegu,2020-02-12 12:00:00,35.75,128.5,0.0,282.59833,0.0
daegu,2020-02-12 18:00:00,35.75,128.5,0.0,281.5128,0.0
daegu,2020-02-13 00:00:00,35.75,128.5,42661.5,283.00403,61599.75
daegu,2020-02-13 06:00:00,35.75,128.5,210931.27,288.5323,1719751.4
daegu,2020-02-13 12:00:00,35.75,128.5,0.0,281.2496,0.0
daegu,2020-02-13 18:00:00,35.75,128.5,0.0,278.5595,0.0
daegu,2020-02-14 00:00:00,35.75,128.5,49942.89,280.26093,153773.12
daegu,2020-02-14 06:00:00,35.75,128.5,211304.67,290.2319,1721884.4
daegu,2020-02-14 12:00:00,35.75,128.5,0.0,282.47955,0.0
daegu,2020-02-14 18:00:00,35.75,128.5,0.0,278.87384,0.0
daegu,2020-02-15 00:00:00,35.75,128.5,41413.984,278.9561,100770.25
daegu,2020-02-15 06:00:00,35.75,128.5,150507.6,289.1043,761626.4
daegu,2020-02-15 12:00:00,35.75,128.5,0.0,284.82608,0.0
daegu,2020-02-15 18:00:00,35.75,128.5,0.0,283.80634,0.0
daegu,2020-02-16 00:00:00,35.75,128.5,29719.625,278.17572,85192.5
daegu,2020-02-16 06:00:00,35.75,128.5,133780.75,277.4648,426350.5
daegu,2020-02-16 12:00:00,35.75,128.5,0.0,273.24506,0.0
daegu,2020-02-16 18:00:00,35.75,128.5,0.0,271.63318,0.0
daegu,2020-02-17 00:00:00,35.75,128.5,62901.734,272.20703,456859.5
daegu,2020-02-17 06:00:00,35.75,128.5,192176.16,273.7988,1519439.0
daegu,2020-02-17 12:00:00,35.75,128.5,0.0,269.23547,0.0
daegu,2020-02-17 18:00:00,35.75,128.5,0.0,267.651,0.0
daegu,2020-02-18 00:00:00,35.75,128.5,66898.86,270.014,520915.5
daegu,2020-02-18 06:00:00,35.75,128.5,223516.7,278.39685,1858140.8
daegu,2020-02-18 12:00:00,35.75,128.5,0.0,271.65878,0.0
daegu,2020-02-18 18:00:00,35.75,128.5,0.0,269.74536,0.0
daegu,2020-02-19 00:00:00,35.75,128.5,59447.734,273.3072,288219.62
daegu,2020-02-19 06:00:00,35.75,128.5,220291.84,283.52307,1804685.4
daegu,2020-02-19 12:00:00,35.75,128.5,0.0,276.50354,0.0
daegu,2020-02-19 18:00:00,35.75,128.5,0.0,273.94318,0.0
daegu,2020-02-20 00:00:00,35.75,128.5,68188.81,276.05762,512318.62
daegu,2020-02-20 06:00:00,35.75,128.5,221997.62,286.29724,1796088.5
daegu,2020-02-20 12:00:00,35.75,128.5,0.0,279.23386,0.0
daegu,2020-02-20 18:00:00,35.75,128.5,0.0,274.66687,0.0
daegu,2020-02-21 00:00:00,35.75,128.5,69555.125,276.679,495965.25
daegu,2020-02-21 06:00:00,35.75,128.5,185633.1,288.5652,1104206.2
daegu,2020-02-21 12:00:00,35.75,128.5,0.0,283.60895,0.0
daegu,2020-02-21 18:00:00,35.75,128.5,0.0,280.9974,0.0
daegu,2020-02-22 00:00:00,35.75,128.5,68468.86,281.20392,458281.5
daegu,2020-02-22 06:00:00,35.75,128.5,212832.23,284.74384,1766032.0
daegu,2020-02-22 12:00:00,35.75,128.5,0.0,278.2397,0.0
daegu,2020-02-22 18:00:00,35.75,128.5,0.0,273.68915,0.0
daegu,2020-02-23 00:00:00,35.75,128.5,73093.984,275.3522,581804.25
daegu,2020-02-23 06:00:00,35.75,128.5,229100.81,283.6985,1889942.5
daegu,2020-02-23 12:00:00,35.75,128.5,0.0,278.2927,0.0
daegu,2020-02-23 18:00:00,35.75,128.5,0.0,273.01297,0.0
daegu,2020-02-24 00:00:00,35.75,128.5,75173.17,275.8694,586910.6
daegu,2020-02-24 06:00:00,35.75,128.5,201562.2,289.80792,954828.5
daegu,2020-02-24 12:00:00,35.75,128.5,0.0,281.3867,0.0
daegu,2020-02-24 18:00:00,35.75,128.5,0.0,280.5716,0.0
daegu,2020-02-25 00:00:00,35.75,128.5,9479.406,279.48788,0.0
daegu,2020-02-25 06:00:00,35.75,128.5,21521.703,278.81537,1034.25
daegu,2020-02-25 12:00:00,35.75,128.5,0.0,280.11288,0.0
daegu,2020-02-25 18:00:00,35.75,128.5,0.0,280.1476,0.0
daegu,2020-02-26 00:00:00,35.75,128.5,45521.438,280.64105,199536.62
daegu,2020-02-26 06:00:00,35.75,128.5,79569.17,285.96463,238642.5
daegu,2020-02-26 12:00:00,35.75,128.5,0.0,281.26422,0.0
daegu,2020-02-26 18:00:00,35.75,128.5,0.0,278.14465,0.0
daegu,2020-02-27 00:00:00,35.75,128.5,44630.36,277.6512,193848.62
daegu,2020-02-27 06:00:00,35.75,128.5,160360.38,282.4302,381298.0
daegu,2020-02-27 12:00:00,35.75,128.5,0.0,277.4173,0.0
daegu,2020-02-27 18:00:00,35.75,128.5,0.0,275.51483,0.0
daegu,2020-02-28 00:00:00,35.75,128.5,40378.64,277.05728,1486.75
daegu,2020-02-28 06:00:00,35.75,128.5,44486.094,278.2214,0.0
daegu,2020-02-28 12:00:00,35.75,128.5,0.0,276.18555,0.0
daegu,2020-02-28 18:00:00,35.75,128.5,0.0,274.33243,0.0
daegu,2020-02-29 00:00:00,35.75,128.5,59379.844,276.96954,50352.875
daegu,2020-02-29 06:00:00,35.75,128.5,210277.81,284.3893,1034139.0
daegu,2020-02-29 12:00:00,35.75,128.5,0.0,279.92465,0.0
daegu,2020-02-29 18:00:00,35.75,128.5,0.0,275.27908,0.0
daegu,2020-03-01 00:00:00,35.75,128.5,68731.94,277.9637,194042.5
daegu,2020-03-01 06:00:00,35.75,128.5,86859.05,286.3356,63862.125
daegu,2020-03-01 12:00:00,35.75,128.5,0.0,283.62906,0.0
daegu,2020-03-01 18:00:00,35.75,128.5,0.0,278.6856,0.0
daegu,2020-03-02 00:00:00,35.75,128.5,82581.86,278.21957,417624.38
daegu,2020-03-02 06:00:00,35.75,128.5,246345.31,284.36005,2029883.1
daegu,2020-03-02 12:00:00,35.75,128.5,0.0,279.17902,0.0
daegu,2020-03-02 18:00:00,35.75,128.5,0.0,274.5956,0.0
daegu,2020-03-03 00:00:00,35.75,128.5,61891.844,277.2181,215696.12
daegu,2020-03-03 06:00:00,35.75,128.5,149531.64,286.07794,312135.62
daegu,2020-03-03 12:00:00,35.75,128.5,0.0,280.20792,0.0
daegu,2020-03-03 18:00:00,35.75,128.5,0.0,278.82266,0.0
daegu,2020-03-04 00:00:00,35.75,128.5,89167.36,280.2591,505919.5
daegu,2020-03-04 06:00:00,35.75,128.5,228438.86,282.8761,1807981.9
daegu,2020-03-04 12:00:00,35.75,128.5,0.0,275.15298,0.0
daegu,2020-03-04 18:00:00,35.75,128.5,0.0,272.6968,0.0
daegu,2020-03-05 00:00:00,35.75,128.5,92519.516,274.50058,759881.1
daegu,2020-03-05 06:00:00,35.75,128.5,251496.61,282.71893,2083920.2
daegu,2020-03-05 12:00:00,35.75,128.5,0.0,274.5627,0.0
daegu,2020-03-05 18:00:00,35.75,128.5,0.0,269.9994,0.0
daegu,2020-03-06 00:00:00,35.75,128.5,94751.47,274.7418,778626.1
daegu,2020-03-06 06:00:00,35.75,128.5,247126.08,286.71756,1864022.8
daegu,2020-03-06 12:00:00,35.75,128.5,0.0,276.98053,0.0
daegu,2020-03-06 18:00:00,35.75,128.5,0.0,275.69394,0.0
daegu,2020-03-07 00:00:00,35.75,128.5,56698.125,276.8928,70519.75
daegu,2020-03-07 06:00:00,35.75,128.5,87003.31,283.15207,97279.75
daegu,2020-03-07 12:00:00,35.75,128.5,0.0,279.75653,0.0
daegu,2020-03-07 18:00:00,35.75,128.5,0.0,275.58246,0.0
daegu,2020-03-08 00:00:00,35.75,128.5,99368.11,277.71335,785025.25
daegu,2020-03-08 06:00:00,35.75,128.5,253448.5,289.3894,2021868.1
daegu,2020-03-08 12:00:00,35.75,128.5,0.0,281.53653,0.0
daegu,2020-03-08 18:00:00,35.75,128.5,0.0,275.99182,0.0
daegu,2020-03-09 00:00:00,35.75,128.5,93470.016,278.671,397457.38
daegu,2020-03-09 06:00:00,35.75,128.5,118632.39,287.37366,114667.375
daegu,2020-03-09 12:00:00,35.75,128.5,0.0,283.76245,0.0
daegu,2020-03-09 18:00:00,35.75,128.5,0.0,282.4704,0.0
daegu,2020-03-10 00:00:00,35.75,128.5,28081.734,283.0479,11699.5
daegu,2020-03-10 06:00:00,35.75,128.5,75945.44,282.072,61147.375
daegu,2020-03-10 12:00:00,35.75,128.5,0.0,280.4711,0.0
daegu,2020-03-10 18:00:00,35.75,128.5,0.0,276.27875,0.0
daegu,2020-03-11 00:00:00,35.75,128.5,104612.75,277.77548,866468.75
daegu,2020-03-11 06:00:00,35.75,128.5,263275.84,284.08594,2157607.2
daegu,2020-03-11 12:00:00,35.75,128.5,0.0,276.2422,0.0
daegu,2020-03-11 18:00:00,35.75,128.5,0.0,272.30756,0.0
daegu,2020-03-12 00:00:00,35.75,128.5,106725.875,276.6461,872480.0
daegu,2020-03-12 06:00:00,35.75,128.5,265066.47,289.90112,2140155.2
daegu,2020-03-12 12:00:00,35.75,128.5,0.0,280.1476,0.0
daegu,2020-03-12 18:00:00,35.75,128.5,0.0,275.3741,0.0
daegu,2020-03-13 00:00:00,35.75,128.5,74663.984,280.6191,229916.38
daegu,2020-03-13 06:00:00,35.75,128.5,251768.17,288.66937,1633524.6
daegu,2020-03-13 12:00:00,35.75,128.5,0.0,281.05408,0.0
daegu,2020-03-13 18:00:00,35.75,128.5,0.0,276.8745,0.0
daegu,2020-03-14 00:00:00,35.75,128.5,111147.33,276.41946,932593.1
daegu,2020-03-14 06:00:00,35.75,128.5,269055.12,284.04025,2198264.5
daegu,2020-03-14 12:00:00,35.75,128.5,0.0,277.93814,0.0
daegu,2020-03-14 18:00:00,35.75,128.5,0.0,274.7875,0.0
daegu,2020-03-15 00:00:00,35.75,128.5,108889.92,279.89542,849339.75
daegu,2020-03-15 06:00:00,35.75,128.5,215386.67,284.33997,1210923.2
daegu,2020-03-15 12:00:00,35.75,128.5,0.0,276.86722,0.0
daegu,2020-03-15 18:00:00,35.75,128.5,0.0,273.05316,0.0
daegu,2020-03-16 00:00:00,35.75,128.5,114363.7,276.63513,943452.25
daegu,2020-03-16 06:00:00,35.75,128.5,270429.94,284.66708,2197101.0
daegu,2020-03-16 12:00:00,35.75,128.5,0.0,280.03067,0.0
daegu,2020-03-16 18:00:00,35.75,128.5,0.0,274.67783,0.0
daegu,2020-03-17 00:00:00,35.75,128.5,116044.03,278.85922,891225.0
daegu,2020-03-17 06:00:00,35.75,128.5,199500.0,290.2447,1066457.9
daegu,2020-03-17 12:00:00,35.75,128.5,0.0,283.63452,0.0
daegu,2020-03-17 18:00:00,35.75,128.5,0.0,278.70752,0.0
daegu,2020-03-18 00:00:00,35.75,128.5,119828.984,281.74487,964847.4
daegu,2020-03-18 06:00:00,35.75,128.5,275657.6,292.21658,2210868.8
daegu,2020-03-18 12:00:00,35.75,128.5,0.0,283.2343,0.0
daegu,2020-03-18 18:00:00,35.75,128.5,0.0,279.55185,0.0
daegu,2020-03-19 00:00:00,35.75,128.5,113532.03,286.8857,827944.6
daegu,2020-03-19 06:00:00,35.75,128.5,240158.69,288.4921,1949215.2
daegu,2020-03-19 12:00:00,35.75,128.5,0.0,280.4126,0.0
daegu,2020-03-19 18:00:00,35.75,128.5,0.0,279.23752,0.0
daegu,2020-03-20 00:00:00,35.75,128.5,121348.06,282.52887,978227.4
daegu,2020-03-20 06:00:00,35.75,128.5,278059.25,291.01044,2201561.0
daegu,2020-03-20 12:00:00,35.75,128.5,0.0,282.44666,0.0
daegu,2020-03-20 18:00:00,35.75,128.5,0.0,276.61502,0.0
daegu,2020-03-21 00:00:00,35.75,128.5,123087.8,283.4865,944098.6
daegu,2020-03-21 06:00:00,35.75,128.5,277609.47,297.95502,2127680.0
daegu,2020-03-21 12:00:00,35.75,128.5,0.0,288.86127,0.0
daegu,2020-03-21 18:00:00,35.75,128.5,0.0,284.1499,0.0
daegu,2020-03-22 00:00:00,35.75,128.5,109797.984,287.08673,847594.5
daegu,2020-03-22 06:00:00,35.75,128.5,273858.47,293.67496,2072156.2
daegu,2020-03-22 12:00:00,35.75,128.5,0.0,283.78256,0.0
daegu,2020-03-22 18:00:00,35.75,128.5,0.0,278.79526,0.0
daegu,2020-03-23 00:00:00,35.75,128.5,128145.734,283.23248,1016428.25
daegu,2020-03-23 06:00:00,35.75,128.5,282760.78,292.1654,2237822.8
daegu,2020-03-23 12:00:00,35.75,128.5,0.0,285.05087,0.0
daegu,2020-03-23 18:00:00,35.75,128.5,0.0,277.14136,0.0
daegu,2020-03-24 00:00:00,35.75,128.5,128570.06,282.43384,989474.4
daegu,2020-03-24 06:00:00,35.75,128.5,250809.2,291.23157,1834224.8
daegu,2020-03-24 12:00:00,35.75,128.5,0.0,283.70764,0.0
daegu,2020-03-24 18:00:00,35.75,128.5,0.0,277.9875,0.0
daegu,2020-03-25 00:00:00,35.75,128.5,130072.16,283.40244,1001044.5
daegu,2020-03-25 06:00:00,35.75,128.5,280494.88,293.35147,2148428.8
daegu,2020-03-25 12:00:00,35.75,128.5,0.0,285.63202,0.0
daegu,2020-03-25 18:00:00,35.75,128.5,0.0,282.36258,0.0
daegu,2020-03-26 00:00:00,35.75,128.5,49213.062,284.23032,7562.75
daegu,2020-03-26 06:00:00,35.75,128.5,85246.61,287.94385,73105.25
daegu,2020-03-26 12:00:00,35.75,128.5,0.0,287.28958,0.0
daegu,2020-03-26 18:00:00,35.75,128.5,0.0,287.5235,0.0
daegu,2020-03-27 00:00:00,35.75,128.5,15716.9375,287.72455,1616.0
daegu,2020-03-27 06:00:00,35.75,128.5,114821.97,289.6873,237996.12
daegu,2020-03-27 12:00:00,35.75,128.5,0.0,283.5267,0.0
daegu,2020-03-27 18:00:00,35.75,128.5,0.0,278.5997,0.0
